Seraphine,Akali,Sivir,Swain,Braum,Nautilus,MonkeyKing,Teemo,Draven,Pyke,0
Nami,Braum,Nidalee,Khazix,Soraka,Yuumi,Velkoz,Tristana,Teemo,Senna,1
Malphite,Jax,Gnar,Sivir,TwistedFate,Sylas,Maokai,Neeko,MonkeyKing,Darius,1
Lucian,Lux,Chogath,Blitzcrank,Urgot,Seraphine,Senna,Nasus,Akshan,AurelionSol,0
Lux,Nunu,Soraka,Warwick,Rammus,Caitlyn,Anivia,Zeri,Lucian,Ivern,1
Xerath,Lucian,Caitlyn,JarvanIV,Ashe,Akali,Jinx,Varus,Ivern,Shen,1
Illaoi,Varus,Anivia,Hecarim,Quinn,Talon,Jayce,Caitlyn,Yuumi,Kaisa,0
TwistedFate,Irelia,Neeko,Teemo,Rammus,Taliyah,Senna,Fiora,Sion,Katarina,0
Jax,Sion,Lux,Naafiri,Anivia,Malphite,Lucian,Vladimir,Gnar,Jinx,0
Zoe,Draven,Nautilus,TwistedFate,Kayle,Pantheon,Alistar,Shyvana,Soraka,Tryndamere,1
Velkoz,Caitlyn,Heimerdinger,Ekko,Leona,Morgana,LeeSin,Veigar,Urgot,Galio,0
Ezreal,MasterYi,AurelionSol,Xayah,RekSai,Teemo,Fizz,Ashe,Taric,Volibear,0
Sion,Varus,Vayne,Jhin,Aphelios,Vi,Khazix,Anivia,Senna,Zyra,1
Senna,Veigar,FiddleSticks,Renekton,Hecarim,Viktor,Fizz,Singed,Xayah,Velkoz,1
Karthus,Twitch,Braum,MonkeyKing,Jhin,Zed,Shyvana,Rumble,Chogath,Caitlyn,0
Neeko,Sion,Pyke,Anivia,Garen,Jhin,Viktor,Swain,Jayce,Velkoz,0
Thresh,Samira,Gwen,Twitch,Jayce,Vayne,Qiyana,Udyr,Nidalee,Ashe,0
Briar,Nunu,Syndra,Karma,Twitch,FiddleSticks,Yorick,Aphelios,Olaf,Rell,0
Nocturne,Katarina,Ahri,Viktor,Varus,Kayle,MasterYi,Vayne,Lissandra,Quinn,1
Bard,Elise,Yasuo,Singed,AurelionSol,Amumu,Renekton,Chogath,Pyke,Xerath,0
Rumble,Teemo,Bard,Briar,Braum,Maokai,Jayce,Akali,Xayah,MissFortune,1
Vex,MissFortune,Darius,Khazix,Shyvana,Ezreal,Fizz,Twitch,Malzahar,Sona,1
Akali,Corki,Ryze,Nasus,Nami,Janna,Malphite,Malzahar,Draven,Vladimir,1
Ashe,Morgana,Talon,Gnar,Renata,Senna,Brand,Udyr,Twitch,Malphite,0
Zac,Yorick,Sion,Leona,Shaco,Pyke,Blitzcrank,Neeko,Janna,Corki,0
Elise,MonkeyKing,Chogath,Malphite,Amumu,Brand,Anivia,Sivir,Rammus,Veigar,0
Viego,Sivir,Lux,Brand,Janna,Qiyana,Rumble,Belveth,Karma,Gragas,0
TahmKench,Brand,Ahri,Varus,Veigar,Tryndamere,Qiyana,Orianna,Garen,Tristana,1
Taric,Kassadin,Graves,Xayah,Lissandra,Teemo,Naafiri,Hecarim,Mordekaiser,Jhin,0
Karma,Ahri,Malzahar,Qiyana,Rammus,Lux,Morgana,Talon,Skarner,Ekko,1
Camille,Cassiopeia,KogMaw,TahmKench,Kled,Vex,Zilean,Jayce,Xayah,Veigar,1
Sion,Pantheon,Yuumi,Nilah,Soraka,Nidalee,Milio,TwistedFate,Leblanc,DrMundo,0
Akshan,Kayle,TwistedFate,Katarina,Vi,Malphite,Lulu,Illaoi,Jhin,Leblanc,0
Veigar,LeeSin,KogMaw,Chogath,Akali,Vayne,Fiora,Sona,Yone,MasterYi,1
Ornn,Karma,Fizz,Ziggs,Pantheon,Riven,Kaisa,Xerath,Braum,Gangplank,0
Gwen,Ezreal,Irelia,Ashe,Ziggs,Leblanc,Urgot,Viktor,Lux,Pyke,0
Singed,Vladimir,Sivir,Karma,Syndra,Ornn,Xerath,Ahri,Jinx,Jhin,0
Zyra,Riven,Karma,Chogath,Thresh,Tristana,Teemo,Lux,Malzahar,TahmKench,0
Naafiri,Ryze,Gwen,Talon,Ashe,Amumu,Caitlyn,KogMaw,Milio,Pyke,1
Sona,Udyr,Caitlyn,Blitzcrank,Vex,Katarina,Aatrox,Thresh,Ashe,DrMundo,1
Rumble,Zilean,AurelionSol,Khazix,Syndra,Annie,Viego,Poppy,TahmKench,Janna,0
Anivia,Ezreal,Pyke,Urgot,Quinn,Gangplank,Braum,Draven,Kayle,Skarner,1
Ashe,Brand,MasterYi,Trundle,Ahri,KogMaw,Malzahar,Khazix,Mordekaiser,Chogath,1
Tryndamere,Lissandra,Ashe,TwistedFate,Aatrox,Irelia,Maokai,Nami,Zilean,Pantheon,0
Amumu,Garen,Sona,Lux,Fiora,Camille,Ezreal,Renekton,Teemo,MissFortune,1
Fiora,Pyke,Amumu,Karma,Lucian,Heimerdinger,Syndra,Jhin,Yone,Jayce,0
Ezreal,Annie,Jhin,Trundle,JarvanIV,Vayne,Kaisa,Blitzcrank,Riven,Graves,0
Pyke,Brand,Pantheon,Swain,Ahri,Nautilus,Varus,Nunu,Twitch,Taric,1
Viego,Thresh,Janna,Diana,Fizz,FiddleSticks,Kaisa,Udyr,Kayn,Lillia,1
Bard,DrMundo,Jhin,Orianna,Vayne,Zed,Akali,MonkeyKing,FiddleSticks,Belveth,0
Maokai,Lulu,Aphelios,Zed,Blitzcrank,Twitch,Naafiri,Varus,Kindred,Fizz,0
Jax,Ziggs,Shaco,Zeri,Leona,Trundle,Nasus,Jhin,Morgana,Lulu,0
Lux,Ashe,Ezreal,Rell,Renekton,Ekko,Orianna,Urgot,Yone,Veigar,1
Veigar,Caitlyn,Soraka,MissFortune,Sona,Aatrox,Vex,Tristana,Morgana,Chogath,0
Kennen,Vayne,MonkeyKing,Garen,Lux,Soraka,JarvanIV,LeeSin,Aphelios,Cassiopeia,0
Nautilus,Bard,Katarina,Amumu,Maokai,Annie,Teemo,Orianna,Sylas,Nami,1
TahmKench,Rumble,Tryndamere,MissFortune,Varus,Jinx,Nunu,Twitch,Shaco,Renata,0
Kaisa,Kennen,XinZhao,DrMundo,Sion,Sejuani,Singed,MissFortune,Thresh,Morgana,1
Akali,Sona,Lux,Lucian,Rakan,Ryze,Sion,MonkeyKing,Jhin,MasterYi,0
Lucian,Nidalee,Thresh,AurelionSol,Teemo,Garen,Olaf,KogMaw,MonkeyKing,Velkoz,1
Renata,Ekko,Khazix,Nidalee,Chogath,JarvanIV,Morgana,Ziggs,Samira,Fiora,1
Veigar,TwistedFate,TahmKench,Nami,Velkoz,Lux,Taric,Nocturne,Gragas,Anivia,0
Amumu,Pantheon,TahmKench,Xayah,Renata,Ezreal,Ziggs,Gnar,Malphite,Brand,1
Lux,Ahri,Tryndamere,Nunu,Caitlyn,Talon,Zac,Poppy,Malzahar,Nidalee,0
Orianna,Viktor,Gangplank,Amumu,Lux,Zilean,Kaisa,Pantheon,Gnar,Leblanc,1
Sion,Maokai,Aphelios,Syndra,Zilean,Corki,Annie,Azir,Chogath,MonkeyKing,0
Yorick,Akali,JarvanIV,Jax,Nidalee,Tristana,Elise,Zeri,Rumble,Jhin,0
Diana,Heimerdinger,Kindred,MasterYi,Zoe,Tristana,XinZhao,Katarina,Jayce,LeeSin,0
Sylas,Ziggs,Teemo,Urgot,Renata,Jhin,Kindred,Mordekaiser,Swain,Sivir,0
KogMaw,Vex,Amumu,Ashe,Zyra,Nocturne,Brand,MasterYi,Mordekaiser,Sona,1
Teemo,Ezreal,Twitch,Skarner,DrMundo,Ziggs,Hecarim,MissFortune,Belveth,Olaf,0
Malzahar,Swain,Malphite,Shen,Lucian,Jhin,Ashe,Trundle,KogMaw,Nami,0
Kindred,Malphite,Ashe,AurelionSol,Skarner,Draven,JarvanIV,Ornn,Senna,Lucian,0
Veigar,Samira,Yasuo,Varus,Zeri,Zyra,Jayce,Bard,Ashe,Leona,0
Leblanc,Karma,Karthus,Akshan,Leona,Jinx,Zac,Orianna,Veigar,Varus,1
Fiora,Lissandra,Pantheon,Chogath,Warwick,Tristana,Brand,MissFortune,Kaisa,Karthus,0
Lux,Lucian,JarvanIV,Thresh,Azir,Sivir,Shyvana,Jhin,Sion,Shaco,1
MissFortune,Jhin,Zilean,Leona,Azir,Fiora,Varus,Caitlyn,Trundle,Singed,0
Renata,Zed,Riven,Zac,Rumble,Thresh,Amumu,Shaco,Ezreal,Zilean,0
Vladimir,Braum,Morgana,AurelionSol,MissFortune,Milio,Velkoz,Quinn,Irelia,Nidalee,0
Shaco,Neeko,Varus,Malphite,Katarina,Vex,KogMaw,Cassiopeia,Seraphine,Thresh,0
Yone,Tristana,DrMundo,Jhin,Sylas,Viego,Diana,Varus,Malzahar,Sion,1
Gragas,Samira,Draven,Aphelios,Zyra,Lux,KogMaw,Chogath,Zeri,Evelynn,0
Vayne,Jinx,Singed,Yorick,Seraphine,Illaoi,Kayle,Nautilus,Lissandra,Ezreal,0
Twitch,Gragas,DrMundo,Jinx,XinZhao,Nidalee,Katarina,Pyke,Xayah,Amumu,0
Vex,Rell,Orianna,Leona,XinZhao,Volibear,Lux,Illaoi,Nasus,Sivir,1
Azir,Sivir,Annie,Rumble,LeeSin,Galio,Caitlyn,Chogath,Akali,Zyra,1
Zyra,Riven,Darius,AurelionSol,Renekton,Veigar,Pantheon,Morgana,Taric,Vayne,1
Mordekaiser,Garen,Zilean,Jinx,Leona,Lux,Illaoi,Brand,Ornn,Akali,1
Nidalee,Brand,KSante,Swain,Ezreal,Lillia,Viktor,Braum,Ornn,Caitlyn,1
Fiora,Mordekaiser,Rengar,Yone,Zeri,Brand,Pantheon,DrMundo,Yorick,Ezreal,1
Twitch,Garen,Pantheon,Vayne,KogMaw,Gragas,Nautilus,Kayle,Khazix,Vex,0
Tristana,DrMundo,Velkoz,Veigar,Jhin,Fizz,JarvanIV,Renekton,Zeri,Lux,0
Udyr,Ryze,Anivia,Lulu,Irelia,Illaoi,Vayne,Leona,Varus,Xerath,1
Zed,Chogath,Soraka,Nasus,Zilean,Tryndamere,Lissandra,Amumu,Yorick,Fizz,1
Nautilus,Malphite,Ryze,Irelia,KogMaw,Galio,TwistedFate,Amumu,Xayah,Vayne,1
Teemo,Malzahar,Evelynn,Sett,Rakan,Katarina,Lissandra,Ahri,TahmKench,Pantheon,0
Kayle,Nidalee,Singed,Nautilus,Draven,Viktor,Senna,Akshan,Neeko,Sion,1
Kassadin,Renata,Sivir,TahmKench,Diana,Amumu,Sett,Nunu,Ryze,MonkeyKing,1
Shaco,Viego,Riven,Katarina,MasterYi,Nidalee,Swain,Nasus,Karthus,Ryze,1
Yasuo,Rammus,Zyra,Jhin,Ahri,Garen,Annie,Fiora,Xayah,Thresh,0
Ezreal,Vayne,Nami,AurelionSol,Blitzcrank,Veigar,Brand,Zilean,Sivir,Rengar,0
Quinn,Lulu,MissFortune,Samira,Nunu,Orianna,Malphite,Shyvana,Volibear,Shen,1
Senna,KogMaw,Zoe,Zed,Jinx,Neeko,Swain,Amumu,Veigar,Teemo,0
Chogath,Lulu,Morgana,Blitzcrank,Aatrox,Rengar,Karma,Amumu,Lucian,Nidalee,0
Nautilus,Graves,Lissandra,Morgana,Varus,Chogath,Kennen,Draven,Tristana,Ahri,1
Garen,Kassadin,Taric,Ashe,Jinx,Amumu,Orianna,Kayle,Mordekaiser,Varus,1
Ahri,Brand,Janna,Morgana,Ezreal,Twitch,Seraphine,Mordekaiser,Ashe,Sylas,1
Quinn,Singed,Garen,Ahri,Draven,Jhin,Fizz,Nasus,Malphite,Seraphine,0
Sivir,Thresh,Nautilus,Nidalee,Karthus,Pyke,Renekton,Khazix,Xayah,Graves,0
Tristana,Sivir,Sona,Aatrox,Syndra,Zed,Ziggs,Bard,Hwei,Braum,0
Azir,Sivir,Katarina,MonkeyKing,Diana,Orianna,Karthus,Gnar,Briar,JarvanIV,1
Lucian,Veigar,XinZhao,Nautilus,Jhin,Varus,Nidalee,Heimerdinger,Bard,Brand,1
Tristana,Singed,Ziggs,Pyke,MonkeyKing,Sejuani,AurelionSol,Bard,Orianna,Sivir,1
Twitch,Ekko,Bard,Tryndamere,Shaco,Vex,Chogath,Renekton,Janna,Annie,1
Quinn,Sejuani,Vayne,Yuumi,Gragas,Lulu,Sion,Thresh,Illaoi,Brand,0
Shaco,Chogath,Jinx,Senna,Velkoz,Lucian,Malphite,Braum,Jhin,Rakan,0
Yasuo,Zed,Sett,Nocturne,Gragas,JarvanIV,Renata,Leona,Kaisa,Shen,0
Orianna,Morgana,Teemo,Galio,Poppy,Ashe,Sett,Fiora,MissFortune,Xerath,1
Varus,Ashe,Garen,Lux,Fizz,Draven,Elise,Sett,Samira,Maokai,0
Nunu,Diana,Kaisa,Akali,Belveth,TahmKench,Malphite,Riven,Vi,Ashe,0
Varus,Lux,Karthus,Heimerdinger,MissFortune,Malzahar,Thresh,Orianna,FiddleSticks,Veigar,0
Janna,Naafiri,Malphite,FiddleSticks,Rakan,Bard,Amumu,Singed,Fiora,MonkeyKing,0
Pantheon,Tristana,Nunu,AurelionSol,Malphite,Khazix,Irelia,Fizz,Swain,Ezreal,0
Varus,Olaf,Malphite,Khazix,Leona,Jayce,Swain,Aatrox,TahmKench,Brand,1
FiddleSticks,Gragas,Anivia,Janna,Akshan,Aphelios,Elise,Ahri,Velkoz,Tristana,1
MonkeyKing,Darius,Samira,Ziggs,AurelionSol,DrMundo,Morgana,Xerath,Thresh,Sivir,0
Olaf,Graves,Cassiopeia,Draven,Anivia,Jinx,Tristana,Yasuo,Aatrox,MissFortune,1
Kassadin,Lux,LeeSin,TahmKench,Teemo,Ziggs,Thresh,Ahri,Naafiri,Graves,1
Graves,Neeko,Akshan,Warwick,Varus,Annie,Mordekaiser,Nidalee,Kaisa,Lux,1
Zyra,Nasus,Gnar,Pyke,Hwei,Sylas,Garen,Vayne,Maokai,Velkoz,1
Ornn,Jinx,Taliyah,TahmKench,Gnar,Amumu,TwistedFate,Draven,Graves,Ezreal,1
JarvanIV,Vladimir,Ashe,Nunu,Lissandra,Janna,Blitzcrank,Senna,Urgot,Lux,1
Sona,Vayne,Orianna,Taric,Ekko,Samira,Quinn,Varus,Jax,Soraka,0
Nautilus,Irelia,Gangplank,Leblanc,Heimerdinger,Taliyah,Gnar,Malzahar,Zyra,Evelynn,1
Seraphine,Akali,Nidalee,MonkeyKing,Senna,Khazix,Jhin,Kennen,Urgot,Zyra,1
Ashe,Taric,Sion,Leblanc,Blitzcrank,Zac,Jax,Aphelios,Karthus,Hwei,1
Kennen,TahmKench,Sona,JarvanIV,Varus,Viktor,Akali,Renekton,Lucian,Nunu,1
Lissandra,Braum,Ashe,Shyvana,TahmKench,Neeko,Briar,Syndra,Pantheon,Diana,1
Kalista,Kayle,Nasus,AurelionSol,Twitch,KogMaw,Blitzcrank,Trundle,Samira,Milio,1
Rammus,Ziggs,Chogath,Xayah,Varus,Jayce,Samira,Lillia,Volibear,Nidalee,1
Corki,Pantheon,Fizz,Lulu,MissFortune,Thresh,Morgana,Irelia,Annie,Shaco,1
Rengar,DrMundo,Mordekaiser,MissFortune,Lux,Akali,Amumu,Nocturne,Udyr,Vex,0
Twitch,AurelionSol,Ezreal,Galio,Syndra,Graves,Yorick,Cassiopeia,Rammus,Vladimir,1
Skarner,Yasuo,Blitzcrank,Graves,Gwen,Draven,Teemo,Twitch,Azir,Kindred,0
Diana,Akshan,Thresh,Ashe,Malphite,Mordekaiser,Swain,Veigar,Naafiri,Irelia,1
Poppy,Hecarim,MissFortune,Viktor,Tryndamere,Twitch,Kaisa,Mordekaiser,Anivia,JarvanIV,0
Singed,Viktor,LeeSin,Ekko,Cassiopeia,Nilah,Urgot,Blitzcrank,Pyke,Zyra,1
Hwei,Mordekaiser,Swain,AurelionSol,Twitch,Varus,Ezreal,Neeko,Nidalee,Lucian,1
Jayce,Lulu,Kaisa,Nilah,Blitzcrank,Alistar,Fizz,Shen,Graves,Lissandra,1
Renekton,Nilah,Anivia,Caitlyn,Jinx,Lucian,Ziggs,Varus,Swain,Orianna,0
Veigar,Teemo,Ezreal,Fizz,Lillia,KogMaw,Blitzcrank,Nidalee,LeeSin,Amumu,0
MissFortune,Xerath,Nami,Lissandra,Nilah,Malzahar,Nocturne,TahmKench,Ahri,Graves,1
Fizz,Pantheon,Aatrox,Azir,Ashe,Zoe,Blitzcrank,Lucian,Rengar,Riven,0
Gnar,Karma,Ziggs,Renata,Quinn,Ahri,Volibear,Kindred,Renekton,Kaisa,0
Brand,Briar,Zac,Ahri,Kaisa,Vex,Rumble,Jayce,Nidalee,Corki,0
Ashe,Sylas,Caitlyn,Shen,Vladimir,TahmKench,Malzahar,Jayce,KSante,Kaisa,1
Qiyana,Morgana,Lux,MissFortune,FiddleSticks,Ryze,Nasus,Yasuo,Yone,Gnar,0
Kayle,Riven,Lulu,Morgana,Viego,Sion,Sett,Diana,Vladimir,Thresh,1
Jhin,Ahri,Sett,Ziggs,Ryze,Nunu,TwistedFate,Zilean,Anivia,Yone,0
Sejuani,Fiora,Poppy,Tryndamere,Cassiopeia,Nautilus,Qiyana,Ahri,Morgana,Gragas,1
Ashe,Vayne,Udyr,Veigar,TwistedFate,Khazix,Mordekaiser,Xerath,Braum,Kennen,0
Pyke,Thresh,Caitlyn,Rumble,Lux,Viktor,Shaco,Zoe,Quinn,TwistedFate,0
Jayce,Leblanc,Lissandra,LeeSin,Vayne,Draven,MasterYi,Brand,Swain,Braum,1
Varus,Sona,Leona,Nidalee,Brand,Karma,TahmKench,Zed,Fiora,Nautilus,0
Chogath,Warwick,Graves,Karthus,Briar,Karma,Nilah,Lux,Thresh,DrMundo,1
Viktor,Urgot,Twitch,Malphite,Syndra,Pantheon,Draven,Blitzcrank,Zyra,Taliyah,1
Nasus,Talon,Yone,Briar,Vi,Jinx,Blitzcrank,Swain,Viktor,Ezreal,1
Briar,Teemo,Syndra,Twitch,Jinx,Malzahar,Yorick,Diana,Morgana,Braum,0
Senna,Galio,Warwick,Jinx,Soraka,Kalista,Thresh,MonkeyKing,Urgot,Nasus,0
Aatrox,TwistedFate,Malphite,MonkeyKing,Veigar,Gnar,Swain,Yasuo,Ekko,Katarina,1
Nami,Annie,Aphelios,Karma,Ornn,Zoe,Zeri,Azir,Akali,Kindred,1
Brand,Kassadin,Tryndamere,Kalista,Draven,Yone,Cassiopeia,Sylas,Nautilus,Jhin,1
Kayle,Thresh,Ryze,Nunu,Nocturne,Draven,Diana,Sett,Brand,Briar,0
Rell,Elise,Vayne,Shen,Diana,Blitzcrank,FiddleSticks,Briar,Kayle,Maokai,0
Yasuo,Braum,Zoe,Nidalee,Vi,Varus,Gragas,Xerath,Xayah,Seraphine,1
Karma,Pantheon,Malphite,Velkoz,Vex,Yone,Vayne,Renekton,Viktor,LeeSin,0
Graves,Mordekaiser,Qiyana,Nami,FiddleSticks,Diana,Morgana,Ezreal,Singed,Jinx,1
Garen,Blitzcrank,Vi,TwistedFate,Velkoz,Zoe,Thresh,Yuumi,Caitlyn,Zeri,0
JarvanIV,Kennen,Brand,Vayne,Lux,LeeSin,Gwen,Yuumi,Draven,Quinn,0
Hwei,Lux,LeeSin,Irelia,Fizz,Twitch,Caitlyn,Leona,Lulu,Karma,0
Olaf,Volibear,Viktor,JarvanIV,Draven,Shaco,Yasuo,MissFortune,Xerath,LeeSin,0
Nunu,Nami,Vex,Twitch,Talon,Sett,Kaisa,Anivia,Zoe,Jhin,1
Amumu,Jinx,Azir,Karthus,Elise,Yone,Tristana,Jax,DrMundo,Lissandra,0
Teemo,Nautilus,TahmKench,Xayah,Viego,Garen,Sivir,Janna,Jinx,Kassadin,0
Ryze,Belveth,Alistar,Aphelios,Tristana,Quinn,Hwei,Karma,Qiyana,Jax,0
Veigar,Leona,Gnar,Xayah,Taliyah,Trundle,Kayle,Caitlyn,DrMundo,Briar,1
Karthus,Gnar,Twitch,Veigar,Orianna,Sejuani,Viego,Gangplank,Shyvana,Pyke,1
Zoe,Pyke,Yuumi,Akali,JarvanIV,Shyvana,Veigar,Kayle,Katarina,Aphelios,0
Draven,Rumble,Yasuo,Xayah,Nilah,Akali,Sion,Janna,Ezreal,Aatrox,0
Kayle,Brand,TahmKench,Senna,Hwei,Nami,Corki,Ashe,Ryze,Ahri,1
Sivir,Leblanc,Bard,Zyra,Graves,Heimerdinger,Sylas,Veigar,Nilah,Caitlyn,0
Ryze,Vayne,MasterYi,Nami,MissFortune,Kayle,Lissandra,Sivir,Gwen,Renekton,0
Nami,Ashe,Anivia,Lillia,Blitzcrank,Sona,Irelia,Nidalee,Twitch,Ryze,0
Malzahar,Chogath,Yasuo,Camille,Kalista,MissFortune,Sivir,Malphite,Zed,KSante,0
Kassadin,Corki,Kaisa,Caitlyn,Thresh,Chogath,Sivir,Veigar,TwistedFate,Annie,1
Senna,Tristana,Diana,Zyra,Ornn,DrMundo,Anivia,Kindred,Malzahar,Shaco,0
Zed,Garen,Zoe,Varus,Viktor,Twitch,Galio,Gwen,Xayah,MissFortune,1
Qiyana,TahmKench,Viktor,Veigar,Thresh,Sivir,Galio,Chogath,Nasus,Syndra,0
Teemo,Leona,Viktor,Velkoz,Sion,Urgot,Nidalee,Zoe,JarvanIV,Pyke,1
Katarina,Akshan,Janna,Senna,Chogath,Ziggs,Syndra,LeeSin,Heimerdinger,Garen,0
Azir,TahmKench,Kayle,Swain,Jhin,Seraphine,Ekko,Caitlyn,Xayah,KogMaw,1
Jinx,Pyke,KogMaw,Caitlyn,MissFortune,Vex,Maokai,Zac,RekSai,Leblanc,0
Lux,Mordekaiser,Sona,Xayah,Ezreal,Zoe,Orianna,Jinx,Thresh,Malphite,1
Sion,Jayce,Ekko,Aatrox,Morgana,Gangplank,Jinx,Darius,Brand,Pantheon,0
Sylas,Lulu,Yasuo,Karthus,AurelionSol,MissFortune,Riven,Samira,Zyra,Tryndamere,0
Draven,Kindred,Nunu,Vayne,Vladimir,Veigar,Azir,Tryndamere,Poppy,Nilah,0
Galio,LeeSin,Viktor,Velkoz,Jinx,Brand,TahmKench,Janna,Kayn,MasterYi,0
Viktor,Zac,Shaco,Graves,TwistedFate,Pyke,Ahri,Hwei,Brand,Rakan,0
TwistedFate,Hecarim,Rammus,Jinx,Ashe,Vex,AurelionSol,Gragas,Khazix,Yone,1
LeeSin,Caitlyn,Volibear,Gnar,Braum,Irelia,Morgana,KogMaw,Soraka,Garen,0
Senna,Sett,Braum,Veigar,Lissandra,Anivia,TahmKench,Draven,Trundle,Zilean,0
Ezreal,Leblanc,Elise,Shyvana,Lucian,Tristana,Blitzcrank,Lissandra,Xayah,Rakan,1
Brand,Garen,Alistar,Pyke,Zeri,Seraphine,Bard,Zyra,Xayah,Quinn,1
Twitch,Karma,Graves,Karthus,Varus,FiddleSticks,Ziggs,Milio,Jinx,Rengar,1
Kaisa,Jinx,Leona,Gragas,Poppy,Samira,Urgot,Lillia,LeeSin,Quinn,0
Ezreal,Briar,Teemo,Jhin,Sivir,Senna,XinZhao,Alistar,Varus,Ornn,1
Fizz,Ashe,Vladimir,Galio,Jinx,Lulu,Jhin,Leona,Sett,Draven,0
Akali,Quinn,LeeSin,Nocturne,Teemo,Tristana,Karthus,Hwei,Varus,Twitch,0
Velkoz,Swain,Varus,Vi,Milio,Taliyah,Corki,Zed,Akshan,Nautilus,0
Veigar,Mordekaiser,Volibear,Ezreal,Amumu,Malphite,Caitlyn,Maokai,Orianna,Zeri,0
Aatrox,Khazix,Ryze,Sylas,Lux,Maokai,Leblanc,Renata,Kayle,MissFortune,0
Swain,Urgot,Annie,KogMaw,Naafiri,Sylas,Belveth,Skarner,Leblanc,Galio,0
Hwei,Elise,Yorick,Poppy,Teemo,Lillia,Veigar,Sona,Xayah,Aphelios,0
Diana,Veigar,Ivern,Darius,Jinx,TwistedFate,Lucian,Nunu,Xayah,Cassiopeia,1
Corki,Veigar,Pyke,Ezreal,Viego,Gangplank,Jinx,Thresh,Nilah,Milio,1
Gangplank,Aphelios,Brand,Caitlyn,Ahri,Ekko,Blitzcrank,Warwick,Gwen,Poppy,0
Kassadin,Twitch,Viktor,TwistedFate,Alistar,Pantheon,Qiyana,Lux,Caitlyn,Varus,0
Nasus,Fizz,FiddleSticks,Zeri,Kindred,Kalista,Shaco,Sion,Riven,Poppy,0
Kaisa,Blitzcrank,Akali,Malphite,Aatrox,Brand,Jinx,Caitlyn,Seraphine,Tryndamere,1
Veigar,Vex,Fiora,Nautilus,Brand,Karma,Azir,Yasuo,Sion,Garen,0
Karma,Fizz,Yone,Anivia,Ekko,Swain,Ezreal,KogMaw,Ornn,Syndra,0
Malphite,Irelia,Nunu,Kayle,Kaisa,Tristana,Twitch,Illaoi,Gragas,Zed,1
Brand,Jax,KSante,Yasuo,Nami,Yuumi,Camille,Maokai,MissFortune,Lux,0
Gwen,Xerath,Maokai,Zed,Syndra,Soraka,Diana,Orianna,Karthus,RekSai,1
TahmKench,Leona,Kalista,Bard,Maokai,Jayce,Renekton,Azir,Teemo,Caitlyn,0
Tristana,Sona,Neeko,Rammus,Illaoi,Corki,MonkeyKing,Ashe,Kayle,Nautilus,1
Sivir,Naafiri,Malphite,Katarina,Aatrox,Varus,Kennen,Gangplank,Ezreal,Karma,0
Shyvana,Kalista,Sona,Syndra,Blitzcrank,Tristana,Soraka,Neeko,Renata,Sett,0
Twitch,Jhin,Teemo,Gragas,Syndra,Shyvana,Pyke,Leblanc,Katarina,Zoe,0
Mordekaiser,Zyra,Kennen,Riven,Jayce,Soraka,Zeri,Braum,Alistar,MasterYi,1
Xerath,Amumu,Irelia,Karthus,Nidalee,Pantheon,Ahri,Varus,Kassadin,Sylas,1
AurelionSol,KSante,Mordekaiser,Aphelios,Lissandra,Ryze,Yuumi,Yone,Kaisa,Twitch,1
Ashe,Karma,Hwei,Caitlyn,Belveth,Udyr,Renata,Galio,Nilah,Yasuo,1
Leblanc,MissFortune,Leona,Senna,Sejuani,Gnar,Velkoz,Vayne,Katarina,Lux,0
Darius,Ornn,Velkoz,Sivir,Brand,Udyr,Khazix,Ahri,Fiora,Akshan,0
Viktor,Zoe,Renekton,Kennen,AurelionSol,Pantheon,Syndra,Shaco,KogMaw,Brand,1
Thresh,Nami,Shen,Sett,Orianna,MonkeyKing,Alistar,Nidalee,Jayce,Rakan,0
Yuumi,Kaisa,Lissandra,Zyra,Jax,Chogath,Alistar,Fizz,Maokai,Draven,1
FiddleSticks,Gangplank,Seraphine,Naafiri,Zed,MasterYi,Nautilus,Milio,Xayah,Singed,0
Darius,Yone,Varus,LeeSin,Velkoz,Graves,Garen,Ryze,Annie,Sivir,0
Brand,Morgana,Kayn,Lux,Nami,Caitlyn,Neeko,Kayle,KogMaw,Kassadin,1
JarvanIV,Ahri,Graves,Nunu,Renekton,Mordekaiser,Renata,Jinx,Nautilus,Lulu,0
Soraka,Brand,Malphite,Karthus,Akshan,Kaisa,Swain,Seraphine,Rengar,Zilean,0
Thresh,Yone,Quinn,Katarina,Vayne,Poppy,MissFortune,Ezreal,FiddleSticks,Pyke,1
Katarina,Soraka,Yasuo,Kennen,JarvanIV,Maokai,Ornn,Caitlyn,Quinn,KogMaw,0
Irelia,Xerath,Ezreal,Graves,DrMundo,Urgot,Kayle,Diana,Ziggs,MasterYi,0
Brand,Teemo,Samira,Xayah,Jinx,Qiyana,Bard,Malphite,Draven,Milio,1
Garen,Nidalee,Karthus,Teemo,Ahri,Renata,Leona,Hwei,Graves,Annie,1
Trundle,Shaco,Galio,Renata,Nami,Varus,Vladimir,Jhin,Malzahar,Jax,0
KogMaw,Garen,Ekko,Yone,DrMundo,Chogath,Swain,Blitzcrank,Gangplank,Teemo,0
Malzahar,Alistar,Senna,Tristana,Seraphine,Xerath,Kaisa,Pantheon,Pyke,Talon,1
Akshan,Morgana,Soraka,Nidalee,Anivia,Aatrox,Taliyah,Volibear,Xayah,Jhin,1
Pantheon,Hwei,Jayce,Thresh,Lux,Pyke,Ryze,Amumu,Blitzcrank,Quinn,1
Ziggs,Kayle,Tryndamere,FiddleSticks,Corki,Quinn,Syndra,Nautilus,Garen,Cassiopeia,0
Karthus,Pyke,AurelionSol,Senna,Xerath,Briar,Brand,Lillia,Vi,Soraka,0
Hwei,Renata,Yasuo,Ashe,Vladimir,Gnar,Maokai,Vayne,Malzahar,Yone,0
Kassadin,Lucian,Ashe,Lux,Leblanc,Pantheon,Caitlyn,Shyvana,Orianna,Kaisa,1
Veigar,Warwick,Yone,Malzahar,Brand,KogMaw,Viktor,Ashe,Amumu,Lucian,0
Ziggs,Ryze,Karthus,Graves,Sivir,MissFortune,TwistedFate,Amumu,Jhin,Kindred,1
Mordekaiser,Yorick,Sona,Ashe,Shyvana,Kennen,Chogath,MonkeyKing,Illaoi,Hwei,0
Poppy,Karma,Ashe,Yasuo,Varus,Kayle,Fizz,Nidalee,Malzahar,Urgot,0
Akshan,Shyvana,MasterYi,AurelionSol,Veigar,Ornn,Sion,Morgana,Ezreal,Swain,0
Yuumi,Ahri,Thresh,Ezreal,Kennen,Shen,Heimerdinger,Shaco,Anivia,Kaisa,1
MasterYi,Shaco,Twitch,Jax,Zoe,Vex,Corki,Kaisa,Soraka,Rakan,1
TwistedFate,Velkoz,Ornn,Neeko,Pyke,Ryze,Gangplank,Anivia,Ashe,Warwick,0
Vladimir,Camille,KogMaw,Shen,Maokai,Skarner,MissFortune,Leblanc,Ekko,Thresh,1
Kaisa,Malphite,Morgana,Varus,Zeri,LeeSin,Gragas,Draven,Ahri,Ryze,0
Malphite,Diana,Blitzcrank,Xayah,Draven,Gangplank,Ziggs,Morgana,Bard,Thresh,1
Veigar,Leona,Corki,Ahri,Ekko,Ashe,Brand,Tristana,Pantheon,TahmKench,0
Malzahar,AurelionSol,Malphite,Sona,Kalista,Graves,Mordekaiser,Leona,Irelia,Pantheon,1
Karma,Thresh,Varus,Shaco,Lux,Tristana,Zyra,Yone,Braum,Nunu,1
Seraphine,Lux,Blitzcrank,Varus,Ashe,Nidalee,MasterYi,Quinn,Janna,Samira,1
Anivia,Thresh,Kayn,Yuumi,Rammus,Ornn,Bard,Talon,Renekton,Zilean,0
Veigar,Lulu,Graves,Samira,MonkeyKing,Riven,Shaco,Annie,Thresh,Caitlyn,1
Zeri,Evelynn,Diana,Malzahar,Maokai,Sivir,Hwei,Irelia,Talon,Viktor,0
Milio,Ziggs,Kayn,Darius,Katarina,Shyvana,Ryze,Kled,Yuumi,Teemo,0
Kled,Volibear,Pantheon,Irelia,Leblanc,Tristana,Aphelios,Singed,Ornn,TwistedFate,1
Thresh,LeeSin,Jhin,Zed,Renekton,Yasuo,Irelia,Camille,Varus,Lillia,1
Jhin,Brand,Maokai,Xayah,Taliyah,Olaf,Yone,Kayn,JarvanIV,Katarina,1
Graves,Aatrox,Ryze,Brand,Fizz,Vladimir,Sion,Hecarim,Veigar,Teemo,0
Ahri,Jhin,Vayne,MonkeyKing,Nilah,Trundle,Ashe,Illaoi,Taliyah,Rakan,1
Malphite,Brand,Shen,Orianna,Corki,Singed,Velkoz,Zed,Rumble,Vayne,1
MonkeyKing,Zac,Pyke,Kassadin,Twitch,Kennen,Riven,Katarina,Camille,Braum,0
Rell,Shaco,Zed,Kennen,FiddleSticks,Rengar,Urgot,Vladimir,Lissandra,Illaoi,1
Lissandra,Nidalee,Garen,Katarina,Lux,Aphelios,Poppy,Viktor,Anivia,Akali,0
Belveth,Kaisa,Alistar,Azir,Leona,Nami,Illaoi,Zoe,Caitlyn,Aatrox,1
Brand,Veigar,Lissandra,DrMundo,Kindred,Vladimir,Sona,Bard,Illaoi,Jinx,0
Darius,Thresh,Malzahar,Xayah,Heimerdinger,Senna,Nami,Udyr,Jhin,Ryze,1
Zyra,Hwei,Garen,Riven,Nami,Veigar,Renekton,Fizz,Samira,Twitch,1
Pyke,Gnar,Chogath,Kennen,Gangplank,XinZhao,Jhin,Akali,Heimerdinger,Zac,1
Zoe,Singed,Senna,Azir,Ezreal,Nautilus,Naafiri,Mordekaiser,Viktor,Nidalee,1
Velkoz,Pyke,Nunu,Vayne,Orianna,Ryze,Lux,Pantheon,Chogath,Teemo,0
Gwen,Caitlyn,Nunu,Zilean,MissFortune,Akali,Jhin,Ivern,Sejuani,Kayle,1
Orianna,Vladimir,Leona,Camille,Graves,Olaf,Sona,Zilean,Gangplank,Vayne,0
Morgana,MonkeyKing,Veigar,Aphelios,MissFortune,Malzahar,Twitch,Riven,Xerath,Jhin,1
MissFortune,Morgana,Nami,Nidalee,Caitlyn,Lux,Ezreal,Garen,Jayce,Fizz,1
Velkoz,Caitlyn,TwistedFate,Alistar,Ahri,Vladimir,Janna,TahmKench,Morgana,Karthus,1
Nunu,Irelia,JarvanIV,Nasus,Hwei,Rengar,Varus,Nilah,Lux,Lucian,1
Leona,Viktor,FiddleSticks,Ashe,Briar,Samira,Pyke,Sivir,Gwen,Zeri,0
Kindred,Olaf,Lissandra,Jhin,Varus,Ashe,Ahri,Malzahar,Tryndamere,Rakan,1
Zyra,Sejuani,Zeri,Jax,KogMaw,Velkoz,Darius,JarvanIV,Kayle,Taric,1
Bard,Kayle,Pyke,MissFortune,Brand,Thresh,Orianna,Jhin,TahmKench,Neeko,0
Ryze,Nidalee,Tristana,KSante,Seraphine,Lux,Shaco,Kindred,MonkeyKing,Singed,0
Irelia,Velkoz,Ahri,Xayah,Ekko,AurelionSol,Lucian,Khazix,Lux,Jhin,0
Leblanc,Veigar,Aphelios,Orianna,Shaco,Graves,Vex,Zilean,Maokai,Lissandra,1
Swain,Graves,Sona,Zoe,Gragas,Azir,MissFortune,Hecarim,Aphelios,Lulu,0
Morgana,Maokai,Jayce,Veigar,Neeko,Darius,Aatrox,Ornn,AurelionSol,Syndra,1
Kindred,Rumble,MissFortune,Brand,Fiora,Evelynn,Gwen,Tryndamere,Soraka,Rengar,0
Velkoz,Zac,Zed,Nidalee,Quinn,Ezreal,Lissandra,Veigar,Kayn,Sejuani,0
Ashe,Graves,Corki,Karma,Sett,Lux,Taric,Rumble,Twitch,Brand,1
Kayn,Zed,Gangplank,Karma,Ryze,Nasus,Brand,JarvanIV,Neeko,MissFortune,0
Ahri,Seraphine,Twitch,Sejuani,Nidalee,Lulu,Illaoi,Singed,Lissandra,Brand,1
Zed,Blitzcrank,Shaco,Lillia,TwistedFate,Quinn,Akali,Akshan,Sivir,Aatrox,0
Draven,Velkoz,Lux,Malphite,MissFortune,Ashe,Azir,Yasuo,Jax,LeeSin,0
Aphelios,Alistar,Velkoz,Riven,Nunu,Renata,Draven,Hecarim,Fiora,Chogath,0
Kalista,Shen,Elise,Warwick,Malzahar,Thresh,Vi,Jinx,Gangplank,Graves,1
Heimerdinger,Kennen,Zac,Garen,Riven,Nunu,Hwei,Leona,LeeSin,Akali,0
Swain,Illaoi,Ashe,Pyke,Gnar,Varus,Syndra,Lillia,Ornn,Seraphine,0
Lillia,TahmKench,Soraka,JarvanIV,Kayle,MasterYi,MissFortune,Shen,Fizz,Taliyah,1
Katarina,Jhin,Darius,Fizz,Veigar,KogMaw,Teemo,Syndra,Sett,Elise,0
Seraphine,MonkeyKing,Zac,Yorick,Lucian,Braum,Thresh,Jax,Nautilus,Skarner,0
Rammus,Blitzcrank,Seraphine,Xayah,Veigar,Maokai,Morgana,Hwei,Ezreal,Vladimir,1
Veigar,Graves,DrMundo,Thresh,Leblanc,Jayce,Yasuo,Illaoi,Darius,Jinx,0
Zoe,Rammus,Ahri,Karma,LeeSin,Quinn,Hwei,Taric,Zyra,Zilean,0
Illaoi,Volibear,Zeri,Cassiopeia,Varus,Veigar,Sion,Karma,Corki,MissFortune,0
Zyra,Fizz,Ziggs,Gragas,XinZhao,Nautilus,Graves,Swain,Pyke,Soraka,0
Jhin,Khazix,Kalista,Yone,Teemo,Briar,Malzahar,LeeSin,Caitlyn,Ashe,0
Nidalee,Aatrox,Pyke,Tryndamere,Nocturne,Quinn,Jinx,Velkoz,Leona,Lux,0
Hwei,Swain,Chogath,Tristana,DrMundo,Kindred,Poppy,Lillia,Jax,Senna,0
Graves,Caitlyn,Sett,Aatrox,Karma,Azir,Alistar,AurelionSol,Khazix,Hwei,0
Ashe,Amumu,Ornn,Sejuani,Jax,Renekton,Janna,Sivir,TahmKench,Seraphine,1
Nidalee,Khazix,Morgana,Alistar,Orianna,Hecarim,Renata,Fiora,Karthus,Malzahar,0
Yasuo,Malphite,Nautilus,Thresh,Sylas,Ekko,Naafiri,Viktor,Zyra,Veigar,1
Caitlyn,Mordekaiser,Sett,Sivir,Taliyah,Kayn,Annie,Zyra,Shyvana,Senna,0
Velkoz,Sivir,TwistedFate,Kayle,Chogath,Ahri,Naafiri,Jinx,Akshan,Swain,1
Jhin,Ornn,Camille,Vayne,Khazix,Veigar,Brand,Yasuo,Ashe,Nautilus,1
Yasuo,Jax,MonkeyKing,Sion,Ashe,Karma,Lucian,Zeri,Kled,Karthus,0
Jayce,Kayle,Heimerdinger,Volibear,Nautilus,Malzahar,Hwei,Talon,Diana,Gwen,1
Anivia,Heimerdinger,Janna,Xayah,Khazix,Jayce,KogMaw,Gragas,Ahri,Renata,0
Naafiri,Veigar,Thresh,Twitch,Sylas,Trundle,Sett,Ashe,Xerath,Volibear,0
Kassadin,FiddleSticks,MasterYi,Braum,Renekton,Bard,Ezreal,Urgot,Garen,Soraka,1
Jax,Brand,MissFortune,MasterYi,Khazix,Lucian,Graves,Sylas,Malphite,Kaisa,1
Maokai,Lissandra,Shaco,Jayce,Kindred,Lux,Rumble,Azir,Jhin,Belveth,0
Samira,Varus,Twitch,Nidalee,Kalista,Milio,Ashe,Yuumi,Lux,Gangplank,1
Morgana,Teemo,TwistedFate,Lucian,Ryze,MissFortune,Caitlyn,Gragas,Shyvana,Graves,1
Chogath,Samira,Ziggs,Nidalee,Gnar,Ahri,Kayn,Garen,MissFortune,Shaco,1
Lux,Sejuani,Mordekaiser,Twitch,Fiora,Fizz,Heimerdinger,Riven,Shen,Zyra,0
KogMaw,Maokai,Tryndamere,Jax,Rakan,Hwei,Nunu,Kayle,Varus,Vex,1
Viktor,TwistedFate,Tristana,Malzahar,Volibear,Varus,Braum,Syndra,Morgana,Orianna,1
Darius,Sona,Aatrox,Kayle,Amumu,Nautilus,Kindred,Twitch,Lillia,Kaisa,0
Lucian,Mordekaiser,Rumble,Velkoz,Nami,TwistedFate,Akali,Ornn,Senna,Rakan,1
Veigar,Zyra,Viego,Taric,Sylas,Caitlyn,Zed,Nunu,Shen,Jayce,0
Yuumi,Velkoz,Xerath,Sivir,Sion,Anivia,Malzahar,Morgana,Kaisa,Leblanc,0
Qiyana,Kassadin,Swain,Tristana,Kayle,Kennen,Udyr,Sion,Milio,Kindred,1
Vex,Chogath,AurelionSol,Ahri,Akali,Azir,Veigar,Trundle,Senna,Viktor,1
KogMaw,Nami,AurelionSol,Yone,Leblanc,Karma,Ziggs,Zac,Diana,Darius,1
Lux,Taliyah,Thresh,Rengar,Sivir,Janna,Bard,Maokai,Xayah,Pantheon,0
Ezreal,Velkoz,Viego,Zac,Vex,XinZhao,TwistedFate,Lulu,Zed,Renekton,1
Brand,Nidalee,Katarina,Gangplank,Kled,Ivern,Kassadin,Nautilus,Caitlyn,Leblanc,0
Volibear,Yuumi,Nilah,Yasuo,Urgot,Trundle,Tryndamere,Syndra,Lillia,Caitlyn,1
Ezreal,Varus,Milio,Sion,Rakan,Veigar,Morgana,Singed,Elise,Syndra,0
FiddleSticks,Lissandra,Rengar,Karma,Jayce,Draven,Leblanc,Quinn,Teemo,Maokai,0
Naafiri,Khazix,Leona,Caitlyn,Graves,LeeSin,AurelionSol,Samira,Janna,Ahri,1
Urgot,Fizz,Velkoz,Kaisa,Ziggs,Camille,Viktor,TahmKench,Yone,Trundle,1
Nautilus,Senna,KSante,Darius,Kayle,Alistar,Ivern,Syndra,Ezreal,Veigar,1
Ezreal,Seraphine,MissFortune,Lulu,Elise,Viego,Sylas,Orianna,Zac,Leona,1
Senna,Ryze,Hwei,Quinn,Neeko,Seraphine,Lux,Lucian,Morgana,Shaco,1
Maokai,Cassiopeia,Belveth,KogMaw,Anivia,AurelionSol,Hwei,Thresh,Sivir,Aatrox,1
Brand,Hwei,Illaoi,Lillia,Poppy,Orianna,Aphelios,Kalista,Galio,Zeri,1
Kassadin,Sett,Briar,Kayn,Lux,Karthus,Fizz,Malzahar,Ornn,MissFortune,1
Ahri,Gangplank,Brand,Caitlyn,Renekton,Hwei,Khazix,Shen,Xayah,Jax,0
Tristana,Yone,Vayne,Viego,Ziggs,Kennen,Senna,Karma,XinZhao,LeeSin,1
Zoe,Nasus,Ahri,KogMaw,Brand,TahmKench,Cassiopeia,Jayce,Samira,Aatrox,1
Poppy,Anivia,Cassiopeia,Gangplank,Lulu,Diana,Lux,Shyvana,Taliyah,Twitch,0
Nocturne,Seraphine,Talon,Gragas,Vladimir,Blitzcrank,Yasuo,Kalista,Twitch,Singed,1
Fizz,Morgana,Lulu,Pyke,Kaisa,Azir,Skarner,Tristana,Garen,Aphelios,1
Zyra,Kayle,Teemo,Renata,Jinx,Pantheon,Irelia,Lux,Singed,Hwei,1
Fizz,Zilean,Darius,KogMaw,Milio,Malphite,Xerath,Hecarim,Akshan,Syndra,0
Azir,Senna,Blitzcrank,Soraka,XinZhao,Jhin,Taliyah,Renekton,Kled,Akshan,0
Sejuani,Zoe,Karma,Lillia,Fiora,Urgot,Bard,Kaisa,Kindred,Galio,1
Sion,Gwen,Jax,Morgana,Ashe,Diana,Twitch,Chogath,Jinx,TahmKench,0
Nasus,Hwei,Rumble,Caitlyn,KogMaw,Vayne,Gnar,Yone,Cassiopeia,Sivir,1
Jinx,Leona,Shaco,Morgana,Veigar,Ziggs,MonkeyKing,Mordekaiser,Ryze,Malphite,0
Diana,Anivia,Kindred,Akshan,Camille,Jhin,Graves,Swain,Urgot,Lulu,0
KogMaw,Nautilus,Taliyah,Jayce,Akali,Jinx,Samira,Ornn,AurelionSol,Yuumi,0
Janna,FiddleSticks,Kaisa,Jhin,Lissandra,Aatrox,Zed,Kassadin,Rammus,Annie,0
Yuumi,Aatrox,Kayle,TwistedFate,Twitch,Milio,Vi,Renekton,Jax,Malzahar,0
Rumble,Zyra,Ashe,Chogath,Kaisa,Lux,Zed,Kayn,AurelionSol,Orianna,1
Veigar,Sejuani,Mordekaiser,Kindred,Viego,Leona,Pyke,Twitch,Blitzcrank,KogMaw,0
Blitzcrank,Corki,Leblanc,Nidalee,Maokai,Morgana,Lucian,MasterYi,Gwen,Anivia,1
Naafiri,Neeko,TwistedFate,Akshan,Rakan,Gangplank,Fiora,Ziggs,FiddleSticks,Olaf,1
Zeri,Belveth,Shyvana,Sylas,Caitlyn,LeeSin,Jhin,Riven,Viktor,Rell,0
Vex,Zoe,Sejuani,Jhin,AurelionSol,Yuumi,Azir,Jayce,Tristana,Diana,0
Yasuo,KSante,Teemo,Twitch,Pyke,Nautilus,Kaisa,Yone,Heimerdinger,Urgot,0
Singed,Jax,MissFortune,Syndra,Ahri,Volibear,Orianna,Lux,Yasuo,Kaisa,1
Irelia,Kaisa,Sivir,Xayah,Janna,Caitlyn,Hwei,Lucian,Azir,Teemo,0
Yuumi,Graves,Caitlyn,Vladimir,Lulu,Kaisa,Olaf,Warwick,Gnar,Pyke,0
Irelia,TahmKench,Jinx,Xayah,Nunu,Quinn,Riven,Garen,Kennen,Yasuo,1
Zac,Zoe,Viktor,Blitzcrank,Lux,Twitch,Sett,Jinx,Syndra,Sylas,1
Zyra,Leblanc,Yasuo,Zed,Tristana,Katarina,Lillia,Graves,Leona,Brand,0
Teemo,Morgana,Zac,Pantheon,Briar,Jhin,Akali,Vi,AurelionSol,Twitch,0
Draven,Nami,Yone,Xayah,Zilean,Veigar,Akali,Skarner,Bard,Varus,1
Ahri,Zed,Vex,Amumu,Vayne,Milio,Sona,Thresh,Azir,Kindred,0
Hwei,Azir,Irelia,Udyr,Gangplank,Malzahar,Caitlyn,Swain,LeeSin,Nami,0
Yasuo,MasterYi,Nocturne,Alistar,Kayle,Varus,Maokai,Swain,Gragas,Briar,1
Jayce,Quinn,TahmKench,Velkoz,Nami,Teemo,Nidalee,Sylas,Xayah,Shaco,1
Ezreal,Teemo,Jinx,Maokai,Vex,Lux,Anivia,Soraka,LeeSin,Syndra,1
DrMundo,AurelionSol,Morgana,Aphelios,Qiyana,Soraka,KSante,Thresh,Kayle,Lissandra,0
Cassiopeia,Braum,Alistar,Xayah,JarvanIV,AurelionSol,Twitch,FiddleSticks,Janna,KSante,1
Swain,Pyke,Lucian,Anivia,JarvanIV,Varus,Malphite,Nautilus,Jinx,Qiyana,1
KogMaw,Shaco,Lulu,Xayah,Poppy,Udyr,Ekko,FiddleSticks,Sivir,Hwei,0
Aatrox,Skarner,LeeSin,Galio,Swain,Senna,Katarina,Pyke,Annie,Nautilus,0
Lissandra,Kennen,Twitch,Lux,Vayne,Sett,Fizz,Renekton,Sona,Zac,0
Trundle,Corki,Singed,Ziggs,Graves,JarvanIV,Zoe,Xerath,Karma,Pyke,0
Neeko,Evelynn,Garen,Xayah,Rakan,Zac,Milio,Gragas,Darius,Sivir,0
Vayne,Veigar,Zilean,Sylas,Riven,Qiyana,DrMundo,Senna,Soraka,Kaisa,0
Viego,Malphite,Lissandra,Aatrox,Kayn,Orianna,Amumu,Taliyah,Tristana,Xerath,0
Zilean,MasterYi,JarvanIV,Samira,Morgana,KogMaw,Jhin,Gragas,Neeko,Viego,1
Renekton,Neeko,Karthus,Khazix,Zed,Blitzcrank,LeeSin,Xerath,Amumu,Janna,0
Kayle,Jax,Darius,Hwei,Azir,Xerath,Ahri,Katarina,Poppy,Karma,1
Elise,Nilah,Veigar,Chogath,Lillia,Sona,Diana,Azir,Xayah,Yone,0
MissFortune,Sion,Shyvana,Gwen,Katarina,Fizz,Draven,Nami,Lux,Akali,0
Kaisa,Hwei,Maokai,Karthus,Morgana,Yasuo,Zilean,Senna,Jinx,TwistedFate,0
Vayne,AurelionSol,Zyra,Ekko,Zac,Gangplank,MonkeyKing,Aphelios,Zilean,Annie,0
Shyvana,Volibear,Varus,Blitzcrank,Udyr,Jayce,MissFortune,Skarner,Draven,Malphite,0
Velkoz,MasterYi,Galio,Xayah,Lillia,Darius,Kayn,Talon,Swain,Karma,1
Zilean,Garen,Quinn,Blitzcrank,Galio,Anivia,MonkeyKing,Aatrox,Rell,Kled,1
Seraphine,Shaco,KogMaw,Annie,Aatrox,Samira,Kayn,Kennen,Braum,Bard,1
Ahri,Teemo,Yone,Sivir,Kayle,Ekko,Tristana,Zac,Xayah,Diana,1
Fizz,Akali,Morgana,Fiora,Darius,Vayne,Samira,Jinx,Taliyah,Nunu,1
Sona,Katarina,Yasuo,Viktor,Zeri,Cassiopeia,Jinx,Ashe,Malphite,Orianna,0
Aatrox,Mordekaiser,Draven,Seraphine,Xerath,FiddleSticks,Quinn,Senna,Malzahar,Yasuo,0
Pantheon,TwistedFate,Viego,Varus,Singed,Yone,Rumble,Sett,Shaco,TahmKench,0
Annie,Sett,Nasus,Zed,Bard,Mordekaiser,TahmKench,Malzahar,Darius,DrMundo,0
Hwei,Veigar,Riven,Mordekaiser,Jhin,Ahri,Ezreal,Darius,Kalista,Pantheon,0
Jax,Ziggs,Viktor,Heimerdinger,Nami,TwistedFate,FiddleSticks,Sona,Teemo,Singed,0
Nautilus,Ezreal,Graves,Ashe,Caitlyn,Annie,Heimerdinger,Kaisa,Kayn,Nocturne,1
MissFortune,Zoe,Leblanc,Jayce,Jinx,Azir,Yuumi,Tristana,KogMaw,Galio,1
Illaoi,Neeko,Viego,Renata,Rakan,Hwei,Galio,Anivia,Sett,Gwen,1
Yuumi,Neeko,Nilah,Syndra,Gangplank,Varus,Galio,Skarner,JarvanIV,Karthus,1
Jinx,Sivir,Taric,Zac,Tryndamere,FiddleSticks,Nidalee,Kayle,Taliyah,Seraphine,0
Chogath,Shaco,Twitch,Maokai,Ezreal,Lux,Tristana,Shen,Veigar,Nidalee,1
Blitzcrank,KogMaw,Chogath,Zac,Gnar,Twitch,Fiora,Quinn,Ziggs,Malzahar,1
Karma,Yorick,KogMaw,Xayah,Skarner,MissFortune,AurelionSol,MasterYi,Cassiopeia,Hwei,0
Corki,Lucian,Kaisa,Jayce,Skarner,Lissandra,TahmKench,Pantheon,Katarina,Ezreal,0
Twitch,Sylas,Akali,Janna,Lucian,Nilah,Alistar,TahmKench,Zac,Leblanc,1
Nami,MasterYi,Caitlyn,Jax,Thresh,Ryze,Sylas,Sivir,KogMaw,Kassadin,0
Lucian,Ekko,Viego,Kayn,Malphite,Annie,Brand,Zyra,Xayah,Gnar,1
Riven,Tristana,Nidalee,Senna,Ezreal,Aatrox,Seraphine,Trundle,Twitch,Thresh,1
Garen,Corki,Lillia,Amumu,Sylas,Kaisa,Tristana,Gragas,Kayle,Caitlyn,0
Chogath,Katarina,Pantheon,TwistedFate,Caitlyn,Veigar,Pyke,Kayn,Annie,Ashe,1
Ahri,Illaoi,Varus,FiddleSticks,Graves,Hwei,Malzahar,Rell,Ezreal,Corki,0
Neeko,Sona,Khazix,Quinn,Nautilus,Kayn,Jinx,Leblanc,Malphite,Singed,0
RekSai,Vex,Maokai,Sona,Azir,Fizz,MasterYi,Alistar,Velkoz,Nunu,0
Darius,Nilah,Kayle,Ashe,MissFortune,Tristana,Nautilus,Diana,Nidalee,FiddleSticks,0
Renata,DrMundo,Orianna,Xayah,Khazix,Lux,Heimerdinger,Karthus,Mordekaiser,Morgana,0
Caitlyn,Teemo,Karthus,Twitch,Riven,Corki,Janna,Rell,Pyke,Karma,0
Fizz,Caitlyn,Jax,Amumu,Hecarim,Trundle,Zac,Samira,Taric,FiddleSticks,1
Ahri,Hwei,Maokai,Zed,Blitzcrank,Fizz,Aphelios,Olaf,Yone,Chogath,1
Rammus,Pyke,Syndra,Malphite,Ashe,Yasuo,Ziggs,Vi,Morgana,Rengar,1
Nocturne,Taric,Malzahar,Annie,Sivir,Varus,Swain,Amumu,Katarina,Fizz,0
AurelionSol,Nidalee,Volibear,Pyke,LeeSin,Bard,Jinx,Rumble,Twitch,Velkoz,0
Sion,Lillia,Chogath,Blitzcrank,Heimerdinger,Aatrox,Sivir,Katarina,Zyra,Nidalee,0
Veigar,Maokai,Jhin,AurelionSol,Malphite,Gragas,Nilah,Kled,Rammus,Soraka,0
Jhin,Yone,Olaf,Kaisa,Rakan,Lux,Kayle,Diana,Darius,Zed,0
Sejuani,Khazix,Teemo,Kaisa,Rakan,Senna,Tryndamere,Chogath,Neeko,Talon,1
Vladimir,Lissandra,Zed,Galio,Jinx,Vayne,Lux,DrMundo,Morgana,Khazix,1
Tristana,Sivir,Annie,Renata,Corki,Aphelios,Braum,Volibear,Leblanc,Pyke,0
Jayce,Nasus,Leona,Kayn,Singed,MissFortune,Maokai,Karma,Khazix,Vi,1
Jax,Maokai,Soraka,Lillia,Riven,Ezreal,Ziggs,TahmKench,Fiora,Zyra,1
MonkeyKing,AurelionSol,Shaco,Viktor,Riven,MasterYi,Blitzcrank,Mordekaiser,Teemo,Lissandra,0
KogMaw,Shaco,Galio,Veigar,Jinx,Xerath,Mordekaiser,Thresh,Pyke,Renata,1
Cassiopeia,Sett,Kennen,Zed,Sona,Caitlyn,Garen,Malphite,Brand,Fiora,0
Jhin,Urgot,Swain,Vladimir,Yone,JarvanIV,Leblanc,Diana,Jinx,Nilah,0
Nami,Galio,Tryndamere,Samira,Evelynn,Diana,Mordekaiser,Lissandra,Qiyana,Nasus,0
Lucian,Gangplank,DrMundo,Brand,Lillia,Soraka,Jinx,Nautilus,Irelia,Garen,1
TahmKench,Tristana,Vi,Ezreal,TwistedFate,Jhin,Rumble,Lucian,Vladimir,Ahri,1
Karma,Ahri,JarvanIV,Ziggs,Galio,Senna,Zyra,Zilean,Poppy,Viego,1
Zilean,Sejuani,Amumu,Akshan,Talon,Mordekaiser,Draven,Morgana,Garen,Lissandra,1
Draven,Velkoz,Katarina,Tristana,Kassadin,Kalista,Soraka,Viktor,Thresh,KogMaw,1
Leblanc,Viego,MissFortune,Vayne,Rakan,Sivir,Samira,Jinx,Poppy,Xerath,0
Vex,Sejuani,Draven,Yasuo,Rumble,Velkoz,Pyke,Shaco,Swain,FiddleSticks,0
Leblanc,Tryndamere,Nautilus,Vladimir,TwistedFate,Veigar,Seraphine,Ekko,Renata,Renekton,1
Yasuo,Kayle,MasterYi,Shaco,Ahri,Fiora,Kennen,Garen,Veigar,Renata,0
Annie,XinZhao,Janna,Xayah,Zed,Lucian,Malphite,Pyke,Thresh,Talon,0
TwistedFate,Janna,Graves,Shen,Varus,Riven,Leblanc,Sona,Teemo,Morgana,0
Shaco,Seraphine,Gangplank,Ziggs,Ashe,TahmKench,Urgot,Yuumi,Veigar,Sylas,1
MasterYi,Karthus,Ekko,Jax,Pantheon,Fiora,Ziggs,Velkoz,Pyke,Shaco,1
Velkoz,Chogath,Varus,Kled,Vladimir,Syndra,Tristana,TwistedFate,Seraphine,Darius,0
Nautilus,Malzahar,Briar,Nilah,Velkoz,Rumble,Caitlyn,Vladimir,Jhin,Draven,0
Kennen,Rammus,Volibear,Ezreal,Jayce,Caitlyn,Irelia,Varus,Warwick,Ahri,0
Katarina,MissFortune,Garen,Rengar,Rumble,Zyra,Veigar,Maokai,Rell,Belveth,1
LeeSin,Poppy,Ashe,Azir,Tristana,Riven,TahmKench,Ezreal,Kennen,Corki,0
Teemo,Gangplank,Nautilus,Nunu,Varus,Ashe,Vex,Orianna,Anivia,Kayle,0
Brand,Shen,Nasus,Ekko,Volibear,Heimerdinger,Jayce,Darius,Ivern,LeeSin,1
Yuumi,Leblanc,Neeko,Aphelios,Viego,Vladimir,Lissandra,Yorick,Urgot,Kayle,1
Jayce,Yuumi,Nunu,Sylas,Vex,Ezreal,XinZhao,Nami,Vladimir,Varus,1
Sett,Taliyah,Fizz,Kayle,Seraphine,Kaisa,Chogath,Vayne,MissFortune,Ivern,1
Lissandra,Jayce,Garen,Maokai,TwistedFate,XinZhao,Ivern,Malphite,Trundle,Lux,1
Akshan,Mordekaiser,Heimerdinger,Sivir,Sona,Viego,Syndra,Twitch,Draven,Zeri,0
Vayne,Jhin,Zilean,Vex,Ivern,Kindred,Belveth,Milio,Morgana,MasterYi,0
Mordekaiser,Anivia,Sett,Orianna,Tryndamere,Pyke,Akali,Vayne,Yorick,Riven,0
Sion,Irelia,Viego,Ornn,Sivir,Amumu,Sett,Zyra,Ahri,LeeSin,1
Neeko,Tristana,Nunu,Sion,Jinx,Sett,Hwei,Karthus,Xayah,Lulu,0
TahmKench,Jinx,Warwick,Azir,Renata,Gwen,Sylas,Lissandra,Zed,MissFortune,0
Varus,Diana,Khazix,Akali,Senna,Karma,Jinx,Lulu,MasterYi,Brand,1
Malzahar,Yasuo,Garen,Malphite,Zeri,Graves,Swain,Karma,Gwen,Morgana,0
Katarina,Milio,Zed,Riven,Azir,Karma,FiddleSticks,Maokai,Kalista,Jax,0
Nautilus,Yuumi,Twitch,Pantheon,Zeri,Syndra,Bard,Sivir,Veigar,Fizz,0
Khazix,Swain,Vayne,Nunu,Sion,Jinx,Chogath,Maokai,Xerath,Shen,0
Zyra,FiddleSticks,Kaisa,Lissandra,Diana,Caitlyn,Ezreal,Ekko,Kassadin,Ahri,0
Kalista,AurelionSol,Jayce,Rumble,MissFortune,Mordekaiser,Annie,Karma,Diana,Tristana,1
Twitch,Lissandra,Chogath,Velkoz,Yone,Taric,Malphite,Tristana,Senna,MissFortune,1
Zoe,Sylas,Diana,Jinx,Twitch,Lucian,Nocturne,Teemo,Kaisa,Swain,1
Jinx,Soraka,Syndra,Graves,Shaco,Thresh,Naafiri,Vayne,Karthus,Galio,0
Nami,Katarina,Lux,Veigar,Malzahar,Amumu,MissFortune,MasterYi,Leblanc,MonkeyKing,1
Sivir,Karthus,Alistar,Annie,Lucian,Zyra,Diana,Riven,Neeko,XinZhao,0
Nami,JarvanIV,Udyr,Neeko,Volibear,Ryze,Trundle,Vayne,Sejuani,Illaoi,1
Kayle,AurelionSol,Diana,Malphite,Kindred,Senna,Jinx,Maokai,Karma,Orianna,1
Kindred,Ezreal,Ekko,Leblanc,Hwei,Fizz,Corki,Zoe,Yone,Nautilus,0
XinZhao,Jhin,Akshan,Syndra,MissFortune,Diana,Heimerdinger,Morgana,Swain,Alistar,0
Zoe,LeeSin,Darius,Syndra,Vi,Renata,Thresh,Kaisa,Draven,FiddleSticks,1
Gwen,Swain,Pyke,Lulu,Chogath,Lux,Fiora,Lucian,Belveth,Rakan,1
MissFortune,Jhin,Zyra,Maokai,DrMundo,Blitzcrank,Pantheon,Ezreal,Hwei,Soraka,0
XinZhao,Kalista,Urgot,Malphite,Corki,Kindred,Kled,Neeko,Karma,Swain,1
Vi,Samira,Caitlyn,Kassadin,JarvanIV,Jinx,Kaisa,Gwen,Blitzcrank,Sona,1
Aphelios,Mordekaiser,Ornn,Ivern,Lillia,Quinn,Zilean,Ashe,Varus,Elise,0
Pyke,Fizz,Teemo,Shyvana,MissFortune,Zyra,Orianna,Thresh,Varus,Karma,1
MissFortune,Ahri,Malphite,Sion,Vi,Taliyah,Katarina,Lulu,Chogath,Shaco,0
Ziggs,Varus,Volibear,Blitzcrank,Caitlyn,Mordekaiser,Karma,Sivir,Akshan,Sion,1
Kaisa,Rengar,Cassiopeia,Lissandra,Urgot,Veigar,Anivia,Nunu,Lux,Ziggs,1
Karma,Akali,Belveth,MissFortune,Shyvana,Twitch,Udyr,Warwick,Jinx,TwistedFate,1
Katarina,Leona,Taliyah,TahmKench,Qiyana,Irelia,Corki,Ahri,Rell,Senna,0
MonkeyKing,Ryze,TahmKench,Twitch,Evelynn,Xerath,Seraphine,Nasus,Yasuo,Varus,1
Braum,Rengar,Lillia,Darius,Vayne,Yuumi,KogMaw,Belveth,Mordekaiser,Lissandra,0
Hwei,Blitzcrank,Warwick,Shen,Illaoi,Udyr,Graves,Velkoz,Vayne,Briar,1
Sivir,Ziggs,Malphite,Yasuo,Khazix,Udyr,RekSai,Twitch,Samira,Lillia,0
Pantheon,Syndra,Renata,Lissandra,Gangplank,Sylas,Veigar,Graves,Maokai,Caitlyn,1
Pantheon,Zoe,Yasuo,Nami,Akali,Senna,MissFortune,Rumble,Hwei,Nunu,0
Teemo,TwistedFate,Ashe,Hwei,Lucian,Zilean,Blitzcrank,Fiora,LeeSin,Caitlyn,1
Gangplank,Sion,Ashe,Neeko,Ezreal,Zac,Senna,Velkoz,Evelynn,Soraka,0
Thresh,Varus,Annie,Katarina,Volibear,Malphite,Twitch,Zyra,Irelia,Kayn,0
Akali,Jayce,Lux,Gangplank,Blitzcrank,Azir,Tristana,Nasus,Xerath,TahmKench,1
Sett,Orianna,Hwei,Sivir,Nocturne,Rumble,Akshan,Urgot,Diana,Xerath,1
Syndra,Varus,Orianna,Heimerdinger,Rakan,Kaisa,Neeko,Tryndamere,Gangplank,MonkeyKing,1
Nami,Malzahar,Kayn,Thresh,Belveth,Nautilus,Karma,Jinx,Brand,FiddleSticks,0
Janna,Rumble,Lissandra,Jinx,Warwick,Taliyah,Amumu,Jayce,Fizz,Ahri,0
Rumble,Anivia,MissFortune,Tristana,Neeko,Leona,Veigar,Morgana,Viego,Jhin,1
Anivia,Malzahar,Ivern,MonkeyKing,Singed,Azir,Senna,Yasuo,Swain,Olaf,1
Karma,Kennen,Alistar,Gwen,Yorick,Veigar,Talon,Thresh,Urgot,Cassiopeia,0
Tristana,Rengar,Lucian,Malzahar,Velkoz,Rumble,Swain,KogMaw,Khazix,Naafiri,0
Leblanc,Aatrox,Leona,TahmKench,Vladimir,Kennen,Ashe,Katarina,Sejuani,Amumu,1
Neeko,Xerath,Kayn,MonkeyKing,FiddleSticks,Caitlyn,Sett,Camille,Veigar,Gragas,1
Shaco,Jayce,Riven,Zoe,Varus,Nidalee,Graves,Nocturne,Ahri,Singed,0
Blitzcrank,Ashe,Fizz,Jinx,Renata,Garen,Twitch,Rumble,Brand,Chogath,0
Jayce,TwistedFate,Jinx,Xerath,Kaisa,Lillia,Akshan,Karma,Senna,Leona,0
Lulu,Xerath,Illaoi,Caitlyn,Rengar,Jhin,Renata,MasterYi,Brand,Soraka,1
Malphite,Skarner,Thresh,Lucian,Yuumi,Janna,Senna,Ashe,Lux,Milio,0
Zed,Kayle,Kayn,Sett,FiddleSticks,Zyra,Amumu,Jayce,Neeko,Vayne,0
TwistedFate,Samira,Graves,Senna,Blitzcrank,Akali,JarvanIV,Kayn,Vex,Garen,0
Lux,Kindred,Irelia,Velkoz,Udyr,Twitch,Malphite,TwistedFate,Viktor,Nautilus,0
Pyke,Teemo,Jhin,Vi,Rakan,Ahri,Kaisa,Gwen,Brand,MonkeyKing,0
Singed,Pantheon,LeeSin,Diana,MissFortune,Seraphine,Orianna,TahmKench,Gragas,Yone,0
Sylas,Chogath,Vex,Gangplank,Veigar,Soraka,Graves,Illaoi,Amumu,Ashe,1
Kennen,Lucian,MasterYi,Brand,Ivern,Akshan,Skarner,Yasuo,TahmKench,Hwei,1
Thresh,JarvanIV,Shen,Sejuani,Karma,Renata,LeeSin,TwistedFate,Gangplank,Viego,0
Naafiri,Kassadin,Caitlyn,Ezreal,Urgot,Neeko,Xerath,Akali,Singed,Lulu,0
Graves,Bard,Annie,Vayne,TwistedFate,MonkeyKing,Senna,Teemo,Twitch,Pantheon,0
Morgana,Renata,Malphite,Vi,Vayne,Khazix,Anivia,Diana,Nautilus,Sion,0
Taliyah,Senna,Aphelios,Pyke,Garen,Milio,Veigar,Kennen,Fizz,Malphite,1
Lux,Fizz,Nidalee,Xayah,Veigar,Lucian,Zilean,Pantheon,Karthus,Twitch,0
Teemo,Nidalee,Ezreal,Sion,Rakan,Lulu,Nilah,Lillia,KSante,Neeko,1
Urgot,Seraphine,Sona,Yasuo,Ahri,Amumu,Varus,Alistar,Ziggs,Blitzcrank,1
Milio,Chogath,Jinx,Renekton,Malphite,JarvanIV,Syndra,AurelionSol,Aphelios,Lillia,0
Shen,Janna,Akshan,Annie,Caitlyn,Quinn,Graves,Viego,Nami,Ryze,0
Vladimir,Fizz,Nunu,Xayah,Morgana,Zed,Vex,Viego,Shaco,Hwei,0
Caitlyn,Brand,Galio,Mordekaiser,Twitch,RekSai,Taliyah,Senna,Kayle,Nasus,0
Lucian,Ezreal,Zilean,Orianna,Rammus,Fizz,Jinx,Malzahar,Nocturne,Leona,1
Garen,Yasuo,Viktor,Corki,Warwick,Graves,Maokai,Talon,Sett,Pantheon,0
Lux,Swain,Jinx,Ezreal,Hwei,Caitlyn,Evelynn,Orianna,LeeSin,Tristana,1
Caitlyn,Syndra,Lucian,Swain,Neeko,Darius,Ornn,Fizz,Nautilus,Blitzcrank,1
Renata,Vi,Vayne,Thresh,FiddleSticks,Xerath,Riven,Chogath,Milio,Zyra,1
Blitzcrank,Lucian,Lulu,Jhin,AurelionSol,Velkoz,Ryze,Ashe,Tristana,Twitch,0
Veigar,Nidalee,Darius,Hwei,Quinn,Janna,Jhin,DrMundo,Jax,Gragas,0
Taric,Jhin,Teemo,Azir,Talon,Kaisa,TwistedFate,Aphelios,Garen,Quinn,0
FiddleSticks,Udyr,Taliyah,Sylas,Sett,Warwick,Twitch,MissFortune,Kayle,TwistedFate,1
Chogath,Galio,Syndra,Tryndamere,Trundle,Orianna,Irelia,Vayne,MasterYi,Shaco,1
Karma,Lissandra,Jinx,Janna,Karthus,Kalista,Shen,Viego,Tryndamere,Rumble,1
Nami,LeeSin,DrMundo,MissFortune,Syndra,Leblanc,Zyra,Zed,Ziggs,Rakan,0
Brand,Draven,Bard,Zyra,Cassiopeia,Heimerdinger,Fizz,Sion,Caitlyn,FiddleSticks,1
Nami,Akshan,Nidalee,Vex,Galio,Shen,Draven,Ziggs,Lucian,Volibear,0
Twitch,Fizz,Draven,Velkoz,Pyke,FiddleSticks,Alistar,Jinx,Kalista,Brand,0
Akshan,Chogath,Zilean,Ryze,Yasuo,Zyra,Nidalee,Sion,Syndra,Alistar,1
Malphite,Mordekaiser,Sona,Xayah,Nautilus,Ahri,Vladimir,Seraphine,Shyvana,Ashe,0
Morgana,Rengar,Ryze,Jinx,Malzahar,Nunu,Ornn,Ziggs,Garen,Akshan,1
Quinn,Gwen,Vayne,Gangplank,Varus,Tryndamere,Katarina,Thresh,Jhin,Akshan,1
Bard,Brand,Graves,Shyvana,Khazix,Akshan,Briar,Morgana,Udyr,Jinx,1
Varus,Vi,Yone,Khazix,TahmKench,Nidalee,Malzahar,Trundle,Vayne,Karthus,1
Lulu,Sivir,Draven,Chogath,Garen,Twitch,FiddleSticks,Graves,Yuumi,Ashe,1
Taliyah,Malphite,Varus,Hwei,Draven,Nautilus,Xerath,Teemo,Fizz,Udyr,0
Lucian,Taric,Akshan,Gwen,Alistar,Yasuo,Veigar,Brand,Braum,Warwick,1
Jhin,Varus,Vex,Gangplank,Ezreal,DrMundo,LeeSin,Xerath,Xayah,Lulu,0
AurelionSol,TahmKench,Annie,Trundle,Bard,Irelia,Veigar,Kassadin,Pantheon,Kaisa,0
DrMundo,Ornn,Seraphine,Jhin,Vayne,Fizz,Velkoz,Yasuo,Sylas,Vladimir,0
LeeSin,Ekko,Kayle,Xayah,Rakan,Quinn,Lux,Mordekaiser,Malzahar,Ivern,1
Katarina,Zyra,Corki,Amumu,Qiyana,Akali,Karthus,Nidalee,Graves,Kindred,0
Veigar,Hwei,Yone,Jayce,Varus,Ahri,Kayle,Anivia,Braum,JarvanIV,1
Ekko,Quinn,Brand,Skarner,Twitch,TwistedFate,Leblanc,Blitzcrank,Braum,Vladimir,0
Nautilus,Tristana,Kaisa,Nocturne,Vayne,Janna,Shaco,Skarner,Nasus,Belveth,1
Braum,Graves,Fizz,Jayce,FiddleSticks,Maokai,Twitch,Ryze,Chogath,Yasuo,0
Jinx,Anivia,Samira,Sivir,Vayne,DrMundo,Ahri,Ziggs,TwistedFate,Ekko,1
Maokai,Ziggs,Trundle,Milio,XinZhao,Lux,Pantheon,Bard,Anivia,Pyke,1
Quinn,Velkoz,Morgana,Zac,Varus,Lulu,Fizz,Kaisa,Nasus,Kled,0
Darius,Sion,Heimerdinger,Xayah,Chogath,Neeko,Ryze,KogMaw,Brand,Graves,1
Kayn,LeeSin,Leblanc,Xayah,Irelia,Sejuani,Ezreal,Vi,Aphelios,Caitlyn,0
AurelionSol,Poppy,TwistedFate,FiddleSticks,Jhin,Nasus,Lulu,Morgana,MonkeyKing,Mordekaiser,1
Vi,Nasus,Ahri,Jax,Lux,Nidalee,Yone,Sivir,Xerath,Nilah,0
Ezreal,Shyvana,Vayne,Blitzcrank,Varus,FiddleSticks,Jayce,Pantheon,Zilean,Zeri,0
Talon,Kaisa,Jhin,Lulu,Jayce,Illaoi,Xerath,MissFortune,Viktor,Rell,1
Rumble,Nautilus,Jinx,Karma,Veigar,Swain,Fizz,Braum,Singed,Jhin,0
Zyra,Blitzcrank,Jhin,Chogath,Aatrox,Heimerdinger,Kindred,Vladimir,TwistedFate,Garen,0
JarvanIV,Ashe,Rengar,Varus,Nasus,Ziggs,LeeSin,Briar,Lux,Rakan,1
